,MSE,RMSE,R^2,MAE,MedAE,MaxErr
0,0.5667467214823968,0.7528258241335752,0.1746069313480353,0.5736109813220244,0.4315930744301699,2.6600347965821562
