,MSE,RMSE,R^2,MAE,MedAE,MaxErr
0,0.08634824386284137,0.2938507169683977,0.8743995341594485,0.11409874374074733,0.061373190898051044,3.158701500362217
